{
	"sources" : 
	[
		{
			"file" : "/Users/alexandrelaferrere/Desktop/TSP/Projets/Gallery-Journey/JourneyGalleryGame/cmake-build-debug/_deps/box2d-subbuild/CMakeFiles/box2d-populate"
		},
		{
			"file" : "/Users/alexandrelaferrere/Desktop/TSP/Projets/Gallery-Journey/JourneyGalleryGame/cmake-build-debug/_deps/box2d-subbuild/CMakeFiles/box2d-populate.rule"
		},
		{
			"file" : "/Users/alexandrelaferrere/Desktop/TSP/Projets/Gallery-Journey/JourneyGalleryGame/cmake-build-debug/_deps/box2d-subbuild/CMakeFiles/box2d-populate-complete.rule"
		},
		{
			"file" : "/Users/alexandrelaferrere/Desktop/TSP/Projets/Gallery-Journey/JourneyGalleryGame/cmake-build-debug/_deps/box2d-subbuild/box2d-populate-prefix/src/box2d-populate-stamp/box2d-populate-build.rule"
		},
		{
			"file" : "/Users/alexandrelaferrere/Desktop/TSP/Projets/Gallery-Journey/JourneyGalleryGame/cmake-build-debug/_deps/box2d-subbuild/box2d-populate-prefix/src/box2d-populate-stamp/box2d-populate-configure.rule"
		},
		{
			"file" : "/Users/alexandrelaferrere/Desktop/TSP/Projets/Gallery-Journey/JourneyGalleryGame/cmake-build-debug/_deps/box2d-subbuild/box2d-populate-prefix/src/box2d-populate-stamp/box2d-populate-download.rule"
		},
		{
			"file" : "/Users/alexandrelaferrere/Desktop/TSP/Projets/Gallery-Journey/JourneyGalleryGame/cmake-build-debug/_deps/box2d-subbuild/box2d-populate-prefix/src/box2d-populate-stamp/box2d-populate-install.rule"
		},
		{
			"file" : "/Users/alexandrelaferrere/Desktop/TSP/Projets/Gallery-Journey/JourneyGalleryGame/cmake-build-debug/_deps/box2d-subbuild/box2d-populate-prefix/src/box2d-populate-stamp/box2d-populate-mkdir.rule"
		},
		{
			"file" : "/Users/alexandrelaferrere/Desktop/TSP/Projets/Gallery-Journey/JourneyGalleryGame/cmake-build-debug/_deps/box2d-subbuild/box2d-populate-prefix/src/box2d-populate-stamp/box2d-populate-patch.rule"
		},
		{
			"file" : "/Users/alexandrelaferrere/Desktop/TSP/Projets/Gallery-Journey/JourneyGalleryGame/cmake-build-debug/_deps/box2d-subbuild/box2d-populate-prefix/src/box2d-populate-stamp/box2d-populate-test.rule"
		},
		{
			"file" : "/Users/alexandrelaferrere/Desktop/TSP/Projets/Gallery-Journey/JourneyGalleryGame/cmake-build-debug/_deps/box2d-subbuild/box2d-populate-prefix/src/box2d-populate-stamp/box2d-populate-update.rule"
		}
	],
	"target" : 
	{
		"labels" : 
		[
			"box2d-populate"
		],
		"name" : "box2d-populate"
	}
}