<?xml version = "1.0"?>
<Inventory>
    <!-- List of all materials of the game -->
    <!-- MINERALS -->
    <Material name="Fer" sprite="None" nb="0">
        <Shape x="0" y="0"/>
        <Shape x="1" y="0"/>
    </Material>
    <Material name="Olivine" sprite="None" nb="0">
        <Shape x="0" y="0"/>
        <Shape x="1" y="0"/>
        <Shape x="0" y="1"/>
        <Shape x="1" y="1"/>
    </Material>
    <Material name="Kubinite" sprite="None" nb="0">
        <Shape x="0" y="0"/>
        <Shape x="1" y="0"/>
        <Shape x="0" y="1"/>
        <Shape x="1" y="1"/>
    </Material>
    <Material name="Célestine" sprite="None" nb="0">
        <Shape x="0" y="0"/>
        <Shape x="1" y="0"/>
        <Shape x="2" y="0"/>
        <Shape x="0" y="1"/>
        <Shape x="1" y="1"/>
        <Shape x="2" y="1"/>
        <Shape x="0" y="2"/>
        <Shape x="1" y="2"/>
        <Shape x="2" y="2"/>
    </Material>
    <!-- ANCIENT RUNES -->
    <Material name="Rune Poussérieuse 1" sprite="None" nb="0">
        <Shape x="0" y="0"/>
        <Shape x="0" y="1"/>
        <Shape x="0" y="2"/>
        <Shape x="0" y="3"/>
    </Material>
    <Material name="Rune Poussérieuse 2" sprite="None" nb="0">
        <Shape x="0" y="0"/>
        <Shape x="0" y="1"/>
        <Shape x="1" y="0"/>
        <Shape x="1" y="1"/>
        <Shape x="2" y="0"/>
    </Material>
    <Material name="Rune Poussérieuse 3" sprite="None" nb="0">
        <Shape x="0" y="0"/>
        <Shape x="0" y="1"/>
        <Shape x="1" y="1"/>
        <Shape x="1" y="2"/>
        <Shape x="2" y="1"/>
        <Shape x="2" y="2"/>
        <Shape x="2" y="3"/>
        <Shape x="3" y="1"/>
    </Material>
    <!-- TREASURE FRAGMENTS -->
    <!-- ================= -->
    <!-- List of all equipments of the game -->
    <!-- EQUIPMENT -->
    <Equipment name="Pioche" sprite="None" nb="1">
    </Equipment>
    <Equipment name="Hachette" sprite="None" nb="0">
        <Required mat="Fer" need="5"/>
        <Required mat="Olivine" need="2"/>
    </Equipment>
    <!-- DECIPHERED RUNES -->
    <Equipment name="Rune Alpha" sprite="None" nb="0">
        <Required mat="Rune Poussérieuse 1" need="1"/>
        <Required mat="Olivine" need="1"/>
        <Required mat="Kubinite" need="1"/>
        <Required mat="Célestine" need="1"/>
    </Equipment>
    <Equipment name="Rune Beta" sprite="None" nb="0">
        <Required mat="Rune Poussérieuse 2" need="1"/>
    </Equipment>
    <Equipment name="Rune Gamma" sprite="None" nb="0">
        <Required mat="Fer" need="1"/>
    </Equipment>
    <!-- COMPLETED TREASURES -->
</Inventory>